[
  {
    "_id": {
      "$oid": "61d725fb33c9f0547630c55f"
    },
    "Fecha": "23/12/2021",
    "Hora": "8:00 am",
    "Lugar": "Sala Deportiva del Metropolitano",
    "Equipo Local": "Dinamit Out",
    "Equipo Visitante": "Rangers Sa",
    "Estado": "Jugado",
    "Resultado Final": "Victoria Local",
    "Arbitros": [
      "Andres Torres Paz",
      "Jorge Andres Parra Perez"
    ]
  },
  {
    "_id": {
      "$oid": "61d729a133c9f0547630c560"
    },
    "Fecha": "04/01/2022",
    "Hora": "6:00 pm",
    "Lugar": "Sala Deportiva del Metropolitano",
    "Equipo Local": "Dinamit Out",
    "Equipo Visitante": "Rangers Sa",
    "Estado": "Jugado",
    "Resultado Final": "Empate",
    "Arbitros": [
      "Andres Torres Paz",
      "Jorge Andres Parra Perez"
    ]
  },
  {
    "_id": {
      "$oid": "2a9edcf520c5125d88e6fc15"
    },
    "Fecha": "15/02/2022",
    "Hora": "3:00 pm",
    "Lugar": "Estadio Nacional",
    "Equipo Local": "Team Alpha",
    "Equipo Visitante": "Beta Squad",
    "Estado": "Jugado",
    "Resultado Final": "Victoria Visitante",
    "Arbitros": [
      "Carlos Gomez",
      "Ana Martinez"
    ]
  },
  {
    "_id": {
      "$oid": "b4b2444bf4d5e07d4bac38bc"
    },
    "Fecha": "28/03/2022",
    "Hora": "5:30 pm",
    "Lugar": "Coliseo Central",
    "Equipo Local": "Gamma Group",
    "Equipo Visitante": "Delta Force",
    "Estado": "Pendiente",
    "Resultado Final": "Empate",
    "Arbitros": [
      "Pedro Lopez",
      "Maria Garcia"
    ]
  },
  {
    "_id": {
      "$oid": "493c782c8306e5a531744c32"
    },
    "Fecha": "12/04/2022",
    "Hora": "7:00 pm",
    "Lugar": "Arena Principal",
    "Equipo Local": "Omega Team",
    "Equipo Visitante": "Sigma Squad",
    "Estado": "Jugado",
    "Resultado Final": "Victoria Local",
    "Arbitros": [
      "Luis Rodriguez",
      "Sofia Fernandez"
    ]
  },
  {
    "_id": {
      "$oid": "caaf1088fbfa4680ee4cc570"
    },
    "Fecha": "19/05/2022",
    "Hora": "9:00 am",
    "Lugar": "Sala Deportiva del Metropolitano",
    "Equipo Local": "Rangers Sa",
    "Equipo Visitante": "Dinamit Out",
    "Estado": "Jugado",
    "Resultado Final": "Victoria Visitante",
    "Arbitros": [
      "Carlos Gomez",
      "Ana Martinez"
    ]
  },
  {
    "_id": {
      "$oid": "9b110d4bb7a46400a6026666"
    },
    "Fecha": "25/06/2022",
    "Hora": "4:00 pm",
    "Lugar": "Estadio Nacional",
    "Equipo Local": "Beta Squad",
    "Equipo Visitante": "Team Alpha",
    "Estado": "Pendiente",
    "Resultado Final": "Empate",
    "Arbitros": [
      "Pedro Lopez",
      "Maria Garcia"
    ]
  },
  {
    "_id": {
      "$oid": "94333965553c84996531ad2b"
    },
    "Fecha": "10/07/2022",
    "Hora": "2:00 pm",
    "Lugar": "Coliseo Central",
    "Equipo Local": "Gamma Group",
    "Equipo Visitante": "Omega Team",
    "Estado": "Jugado",
    "Resultado Final": "Victoria Local",
    "Arbitros": [
      "Luis Rodriguez",
      "Sofia Fernandez"
    ]
  },
  {
    "_id": {
      "$oid": "90737eab19172f1368a935a1"
    },
    "Fecha": "18/08/2022",
    "Hora": "11:00 am",
    "Lugar": "Arena Principal",
    "Equipo Local": "Sigma Squad",
    "Equipo Visitante": "Delta Force",
    "Estado": "Jugado",
    "Resultado Final": "Victoria Visitante",
    "Arbitros": [
      "Carlos Gomez",
      "Ana Martinez"
    ]
  },
  {
    "_id": {
      "$oid": "e681bc46742284fea54ceead"
    },
    "Fecha": "30/09/2022",
    "Hora": "1:00 pm",
    "Lugar": "Sala Deportiva del Metropolitano",
    "Equipo Local": "Rangers Sa",
    "Equipo Visitante": "Dinamit Out",
    "Estado": "Pendiente",
    "Resultado Final": "Empate",
    "Arbitros": [
      "Pedro Lopez",
      "Maria Garcia"
    ]
  }
]